{
	"format_version": "1.8.0",
	"animations": {
		"animation.validys.ground_idle": {
			"loop": true,
			"animation_length": 5.76,
			"bones": {
				"mirror": {
					"rotation": {
						"0.0": [0, 0, 0],
						"1.44": [0.74929, 0.03271, -2.49979],
						"2.88": [3.2476, 0.09157, -2.9986],
						"4.32": [0.61656, -0.03858, 3.51137],
						"5.76": [0, 0, 0]
					},
					"position": {
						"0.0": [0, 0, 0],
						"1.44": [0.45, 0, 0.275],
						"2.88": [0.975, -0.175, 0.93],
						"4.32": [-0.875, 0, 0.275],
						"5.76": [0, 0, 0]
					}
				},
				"body": {
					"rotation": {
						"0.0": [0, 0, 0],
						"1.44": [0, 0, -1.25],
						"2.88": [2.25, 0, 0.75],
						"4.32": [0, 0, -1.25],
						"5.76": [0, 0, 0]
					},
					"position": {
						"0.0": [0, 0, 0],
						"1.44": [0, 0.075, 0],
						"2.88": [0, -0.07, 0],
						"4.32": [0, 0.075, 0],
						"5.76": [0, 0, 0]
					}
				},
				"neck": {
					"rotation": {
						"0.0": [0, 0, 0],
						"1.44": [-2.5, 0, 0],
						"2.88": [-2.49808, 0.09812, 2.24786],
						"4.32": [-2.5, 0, 0],
						"5.76": [0, 0, 0]
					}
				},
				"bone9": {
					"rotation": {
						"0.0": [0, 0, 0],
						"2.88": [1, 0, 0],
						"5.76": [0, 0, 0]
					},
					"position": {
						"0.0": [0, 0, 0],
						"2.88": [0, -0.075, 0],
						"5.76": [0, 0, 0]
					}
				},
				"head": {
					"rotation": {
						"0.0": [0, 0, 0],
						"1.44": [1, -1.25, 0],
						"2.88": [-2.25, -1.25, 0],
						"4.32": [1, -1.25, 0],
						"5.76": [0, 0, 0]
					}
				},
				"wisp": {
					"position": {
						"0.0": [0, 0, 0],
						"1.44": [-0.25, 0.25, -0.75],
						"2.88": [0, 0, 0],
						"4.32": [-0.25, 0.25, -0.75],
						"5.76": [0, 0, 0]
					},
					"scale": {
						"0.0": [1, 1, 1],
						"1.44": [1, 1, 0.765],
						"2.88": [1, 1, 1],
						"4.32": [1, 1, 0.765],
						"5.76": [1, 1, 1]
					}
				},
				"lefthand": {
					"position": {
						"0.0": [0, 0, 0],
						"1.44": [0.15, 0.225, 0],
						"2.88": [0.4, 0.455, 0],
						"4.32": [0.15, 0.225, 0],
						"5.76": [0, 0, 0]
					}
				},
				"righthand": {
					"position": {
						"0.0": [0, 0, 0],
						"1.44": [0.35, -0.225, 0],
						"2.88": [0.25, -0.195, 0],
						"4.32": [0.35, -0.225, 0],
						"5.76": [0, 0, 0]
					}
				}
			}
		},
		"animation.validys.ground_walk": {
			"loop": true,
			"animation_length": 4,
			"bones": {
				"validys": {
					"rotation": {
						"0.0": [16.75, 0, 0],
						"4.0": [16.75, 0, 0]
					},
					"position": {
						"0.0": [0, 0, 3],
						"4.0": [0, 0, 3]
					}
				},
				"mirror": {
					"rotation": {
						"0.0": [0, 0, 0],
						"2.0": [2.25, 0, 0],
						"4.0": [0, 0, 0]
					},
					"position": {
						"0.0": [0, 0, 0],
						"2.0": [0, -0.3, 0.75],
						"4.0": [0, 0, 0]
					}
				},
				"ghost": {
					"position": {
						"0.0": [0, 0, 0],
						"2.0": [0, 0, 0.25],
						"4.0": [0, 0, 0]
					}
				},
				"body": {
					"rotation": {
						"0.0": [-8.5, 0, 0],
						"4.0": [-8.5, 0, 0]
					}
				},
				"neck": {
					"rotation": {
						"0.0": [-6.25, 0, 0],
						"2.0": [-4.75, 0, 0],
						"4.0": [-6.25, 0, 0]
					}
				},
				"bone9": {
					"rotation": {
						"0.0": [-4.5, 0, 0],
						"2.0": [-1, 0, 0],
						"4.0": [-4.5, 0, 0]
					}
				},
				"head": {
					"rotation": {
						"0.0": [-2, 0, 0],
						"2.0": [-1.54592, 1.37066, 0.67741],
						"4.0": [-2, 0, 0]
					}
				},
				"wisp": {
					"rotation": {
						"0.0": [0, 0, 0],
						"2.0": [5, 0, 0],
						"4.0": [0, 0, 0]
					},
					"position": {
						"0.0": [0, 0, 0],
						"2.0": [-0.2, 0.3, -0.65],
						"4.0": [0, 0, 0]
					},
					"scale": {
						"0.0": [1, 1, 1],
						"2.0": [1, 1, 0.865],
						"4.0": [1, 1, 1]
					}
				},
				"lefthand": {
					"position": {
						"0.0": [0, 0, 0],
						"2.0": [0, 0.2, 0.15],
						"4.0": [0, 0, 0]
					}
				},
				"righthand": {
					"rotation": {
						"0.0": [0, 0, 0],
						"2.0": [0, 0, 6],
						"4.0": [0, 0, 0]
					},
					"position": {
						"0.0": [0, 0, 0],
						"2.0": [0, 0.275, 0.15],
						"4.0": [0, 0, 0]
					}
				}
			}
		}
	}
}